Computadores e Acessórios;Computadores e Acessórios
Dispositivos Moveis;Dispositivos Móveis
Áudio e Vídeo;Áudio e Vídeo
Eletrodomésticos;Eletrodomésticos
Equipamentos de Rede;Equipamentos de Rede
Câmeras e Equipamentos Fotográficos;Câmeras e Equipamentos Fotográficos
Dispositivos de Armazenamento;Dispositivos de Armazenamento
Equipamentos de Segurança;Equipamentos de Segurança
Equipamentos de Jogos;Equipamentos de Jogos
Ferramentas e Equipamentos de Medição;Ferramentas e Equipamentos de Medição
Dispositivos Domésticos Inteligentes;Dispositivos Domésticos Inteligentes
Equipamentos de Fitness e Saúde;Equipamentos de Fitness e Saúde
Componentes Eletrônicos;Componentes Eletrônicos
Televisores e Acessórios;Televisores e Acessórios
Consoles de Videogame;Consoles de Videogame
Monitores e Telas;Monitores e Telas
Impressoras e Scanners;Impressoras e Scanners
Acessórios para Celulares;Acessórios para Celulares
Roteadores e Modems;Roteadores e Modems
Cabos e Conectores;Cabos e Conectores
Peças de Substituição;Peças de Substituição
Relógios e Wearables;Relógios e Wearables
Softwares e Licenças;Softwares e Licenças
Instrumentos Musicais Digitais;Instrumentos Musicais Digitais
Equipamentos para Streaming;Equipamentos para Streaming
Drones e Acessórios;Drones e Acessórios
Equipamentos para Automação Residencial;Equipamentos para Automação Residencial
Baterias e Carregadores;Baterias e Carregadores
Acessórios para Fotografia;Acessórios para Fotografia
Fones de Ouvido e Headsets;Fones de Ouvido e Headsets
Dispositivos GPS e Navegação;Dispositivos GPS e Navegação
Tablets e Acessórios;Tablets e Acessórios
Laptops e Notebooks;Laptops e Notebooks
Servidores e Storage;Servidores e Storage
Sistemas de Energia Backup (Nobreaks);Sistemas de Energia Backup (Nobreaks)
Equipamentos Industriais e Comerciais;Equipamentos Industriais e Comerciais
Ferramentas Elétricas e Equipamentos de Construção;Ferramentas Elétricas e Equipamentos de Construção
Antenas e Receptores de Sinal;Antenas e Receptores de Sinal
Controladores e Sensores;Controladores e Sensores
Produtos para Limpeza e Manutenção de Eletrônicos;Produtos para Limpeza e Manutenção de Eletrônicos
Cartões de Memória e Pen Drives;Cartões de Memória e Pen Drives
Leitores de Cartões e Acessórios;Leitores de Cartões e Acessórios
Home Theater e Sistemas de Som;Home Theater e Sistemas de Som
Acessórios de Iluminação;Acessórios de Iluminação
Controladores Remotos e Acessórios;Controladores Remotos e Acessórios
Adaptadores e Conversores;Adaptadores e Conversores
Kits para Montagem e Aprendizado em Eletrônica;Kits para Montagem e Aprendizado em Eletrônica
Periféricos de Computador;Periféricos de Computador
Equipamentos de Realidade Virtual e Aumentada;Equipamentos de Realidade Virtual e Aumentada
Controladores de Temperatura e Climatização;Controladores de Temperatura e Climatização
Telecomunicações e Acessórios;Telecomunicações e Acessórios
Rádios e Equipamentos de Comunicação;Rádios e Equipamentos de Comunicação
Segurança Cibernética e Firewalls;Segurança Cibernética e Firewalls
Serviços de Cloud e Armazenamento Online;Serviços de Cloud e Armazenamento Online
