1;Smartphone Galaxy S21;Samsung;2021-01-14;3999.99;171
2;Notebook Inspiron 15;Dell;2023-03-21;4599.90;2500
3;Fone de Ouvido QuietComfort;Bose;2022-11-10;1499.00;255
4;Smartwatch Series 8;Apple;2022-09-16;4599.00;38
5;Caixa de Som Bluetooth Flip 6;JBL;2021-10-12;899.90;600
6;Monitor UltraWide 34WK95U;LG;2020-07-25;7999.00;7500
7;Tablet Galaxy Tab S8;Samsung;2022-02-09;3499.99;503
8;Impressora Multifuncional DeskJet 3776;HP;2019-09-05;549.00;2400
9;Drone Mini 2;DJI;2020-11-04;4799.00;249
10;Câmera Alpha A7 III;Sony;2018-04-10;9999.00;650

